[
    {
      "hostname": "192.46.214.171",
      "username": "myanalatycs",
      "password": "dishis.in"
    },
    {
      "hostname": "192.46.214.171",
      "username": "myanalatycs2",
      "password": "dishis.in"
    },
    {
      "hostname": "192.46.214.171",
      "username": "myanalatycs3",
      "password": "dishis.in"
    },
    {
      "hostname": "192.46.214.171",
      "username": "myanalatycs4",
      "password": "dishis.in"
    },
    {
      "hostname": "172.105.63.230",
      "username": "myanalatycs",
      "password": "dishis.in"
    },
    {
      "hostname": "172.105.63.138",
      "username": "dishis.in@outlook.com",
      "password": "myanalytics@dishis"
    },
    {
      "hostname": "139.144.14.188",
      "username": "myanalatycs",
      "password": "dishis.in"
    },
    {
      "hostname": "139.144.14.252",
      "username": "myanalatycs",
      "password": "dishis.in"
    },
    {
      "hostname": "194.195.115.64",
      "username": "myanalatycs",
      "password": "dishis.in"
    },
    {
      "hostname": "194.195.115.64",
      "username": "myanalatycs2",
      "password": "dishis.in"
    },
    {
      "hostname": "194.195.115.64",
      "username": "myanalatycs3",
      "password": "dishis.in"
    },
    {
      "hostname": "194.195.115.64",
      "username": "myanalatycs4",
      "password": "dishis.in"
    }
  ]
  